Date,Open,High,Low,Close,Adj Close,Volume,Dividends,Stock Splits,Returns
2018-01-02,196.10000610351562,201.64999389648438,195.4199981689453,201.07000732421875,201.07000732421875,10966900,0,0,
2018-01-03,202.0500030517578,206.2100067138672,201.5,205.0500030517578,205.0500030517578,8591400,0,0,0.01979407958702395
2018-01-04,206.1999969482422,207.0500030517578,204.0,205.6300048828125,205.6300048828125,6029600,0,0,0.002828587283211448
2018-01-05,207.25,210.02000427246094,205.58999633789062,209.99000549316406,209.99000549316406,7033200,0,0,0.021203134303460658
2018-01-08,210.02000427246094,212.5,208.44000244140625,212.0500030517578,212.0500030517578,5580200,0,0,0.009809979069031582
2018-01-09,212.11000061035156,212.97999572753906,208.58999633789062,209.30999755859375,209.30999755859375,6125900,0,0,-0.012921506501913482
2018-01-10,207.57000732421875,213.63999938964844,206.91000366210938,212.52000427246094,212.52000427246094,5951500,0,0,0.015336136597911887
2018-01-11,214.2899932861328,217.75,213.35000610351562,217.24000549316406,217.24000549316406,7659500,0,0,0.022209679681032934
2018-01-12,217.17999267578125,222.5500030517578,216.0,221.22999572753906,221.22999572753906,8199400,0,0,0.01836673786357723
2018-01-16,224.24000549316406,226.07000732421875,217.1999969482422,221.52999877929688,221.52999877929688,13516100,0,0,0.0013560686053046833
2018-01-17,221.0,221.14999389648438,216.32000732421875,217.5,217.5,9123100,0,0,-0.018191661632751766
2018-01-18,220.33999633789062,220.5800018310547,216.5500030517578,220.3300018310547,220.3300018310547,8225300,0,0,0.013011502671515851
2018-01-19,222.75,223.49000549316406,218.5,220.4600067138672,220.4600067138672,10548600,0,0,0.0005900462112835569
2018-01-22,222.0,227.7899932861328,221.1999969482422,227.5800018310547,227.5800018310547,17703300,0,0,0.032296085005696584
2018-01-23,255.0500030517578,257.7099914550781,248.02000427246094,250.2899932861328,250.2899932861328,27705300,0,0,0.0997890468070961
2018-01-24,250.8800048828125,261.7099914550781,249.30999755859375,261.29998779296875,261.29998779296875,17352400,0,0,0.0439889520243395
2018-01-25,263.0,272.29998779296875,260.2300109863281,269.70001220703125,269.70001220703125,15336400,0,0,0.03214705245496585
2018-01-26,271.489990234375,274.6000061035156,268.760009765625,274.6000061035156,274.6000061035156,11021800,0,0,0.018168311734161113
2018-01-29,274.20001220703125,286.80999755859375,273.9200134277344,284.5899963378906,284.5899963378906,17529700,0,0,0.03638015299464015
2018-01-30,277.0,282.7300109863281,272.70001220703125,278.79998779296875,278.79998779296875,12482900,0,0,-0.020345088089630092
2018-01-31,281.94000244140625,282.2900085449219,269.5799865722656,270.29998779296875,270.29998779296875,11695100,0,0,-0.030487806212932567
2018-02-01,266.4100036621094,271.95001220703125,263.3800048828125,265.07000732421875,265.07000732421875,9669000,0,0,-0.019348800240256758
2018-02-02,263.0,270.6199951171875,262.7099914550781,267.42999267578125,267.42999267578125,9123600,0,0,0.008903253051469884
2018-02-05,262.0,267.8999938964844,250.02999877929688,254.25999450683594,254.25999450683594,11896100,0,0,-0.04924652630459425
2018-02-06,247.6999969482422,266.70001220703125,245.0,265.7200012207031,265.7200012207031,12595800,0,0,0.04507200094963859
2018-02-07,266.5799865722656,272.45001220703125,264.3299865722656,264.55999755859375,264.55999755859375,8981500,0,0,-0.004365511277963252
2018-02-08,267.0799865722656,267.6199951171875,250.0,250.10000610351562,250.10000610351562,9306700,0,0,-0.05465675683594451
2018-02-09,253.85000610351562,255.8000030517578,236.11000061035156,249.47000122070312,249.47000122070312,16906900,0,0,-0.0025190118650046944
2018-02-12,252.13999938964844,259.1499938964844,249.0,257.95001220703125,257.95001220703125,8534900,0,0,0.03399210704627342
2018-02-13,257.2900085449219,261.4100036621094,254.6999969482422,258.2699890136719,258.2699890136719,6855200,0,0,0.0012404605214122455
2018-02-14,260.4700012207031,269.8800048828125,260.3299865722656,266.0,266.0,10972000,0,0,0.029929962113867337
2018-02-15,270.0299987792969,280.5,267.6300048828125,280.2699890136719,280.2699890136719,10759700,0,0,0.053646575239368
2018-02-16,278.7300109863281,281.9599914550781,275.69000244140625,278.5199890136719,278.5199890136719,8312400,0,0,-0.006243979264988764
2018-02-20,277.739990234375,285.80999755859375,276.6099853515625,278.54998779296875,278.54998779296875,7769000,0,0,0.00010770781444846556
2018-02-21,282.07000732421875,286.6400146484375,280.010009765625,281.0400085449219,281.0400085449219,9371100,0,0,0.00893922405698988
2018-02-22,283.8800048828125,284.5,274.45001220703125,278.1400146484375,278.1400146484375,8891500,0,0,-0.010318793795584535
2018-02-23,281.0,286.0,277.80999755859375,285.92999267578125,285.92999267578125,7301800,0,0,0.028007397774786558
2018-02-26,288.75,295.6499938964844,287.010009765625,294.1600036621094,294.1600036621094,10268600,0,0,0.028783307792618285
2018-02-27,294.7699890136719,297.3599853515625,290.5899963378906,290.6099853515625,290.6099853515625,9416500,0,0,-0.012068324266900188
2018-02-28,293.1000061035156,295.75,290.7799987792969,291.3800048828125,291.3800048828125,7653500,0,0,0.0026496664604227504
2018-03-01,292.75,295.25,283.8299865722656,290.3900146484375,290.3900146484375,11932100,0,0,-0.003397591522359744
2018-03-02,284.6499938964844,301.17999267578125,283.2300109863281,301.04998779296875,301.04998779296875,13345300,0,0,0.03670915874100156
2018-03-05,302.8500061035156,316.9100036621094,297.6000061035156,315.0,315.0,18986100,0,0,0.046337860065367664
2018-03-06,319.8800048828125,325.7900085449219,316.5,325.2200012207031,325.2200012207031,18525800,0,0,0.0324444483196924
2018-03-07,320.0,323.739990234375,314.54998779296875,321.1600036621094,321.1600036621094,17132200,0,0,-0.012483849527564983
2018-03-08,322.20001220703125,322.9200134277344,314.1300048828125,317.0,317.0,11340100,0,0,-0.012953056466165958
2018-03-09,321.3299865722656,331.44000244140625,320.2300109863281,331.44000244140625,331.44000244140625,14500200,0,0,0.04555205817478303
2018-03-12,333.55999755859375,333.9800109863281,318.6000061035156,321.29998779296875,321.29998779296875,20369200,0,0,-0.030593816599521984
2018-03-13,323.8699951171875,325.8399963378906,313.2799987792969,315.8800048828125,315.8800048828125,12917200,0,0,-0.016868917261362082
2018-03-14,318.1600036621094,323.8800048828125,317.70001220703125,321.54998779296875,321.54998779296875,10475100,0,0,0.017949799995285343
2018-03-15,323.1700134277344,323.3999938964844,318.1400146484375,321.0899963378906,321.0899963378906,5642900,0,0,-0.0014305441534467889
2018-03-16,321.4200134277344,324.1099853515625,318.3699951171875,318.45001220703125,318.45001220703125,7333700,0,0,-0.008221944504559597
2018-03-19,315.79998779296875,317.0,307.3399963378906,313.4800109863281,313.4800109863281,9925200,0,0,-0.01560684889367192
2018-03-20,313.260009765625,319.5,312.79998779296875,317.5,317.5,5991900,0,0,0.012823749115688177
2018-03-21,316.3500061035156,319.3999938964844,314.510009765625,316.4800109863281,316.4800109863281,5263900,0,0,-0.00321256382258861
2018-03-22,313.07000732421875,314.1199951171875,305.6600036621094,306.70001220703125,306.70001220703125,8063300,0,0,-0.030902421763753574
2018-03-23,307.4100036621094,309.3699951171875,300.3599853515625,300.94000244140625,300.94000244140625,9529900,0,0,-0.018780598423115857
2018-03-26,309.3599853515625,321.0299987792969,302.0,320.3500061035156,320.3500061035156,11988300,0,0,0.06449791820510309
2018-03-27,322.489990234375,322.8999938964844,297.0,300.69000244140625,300.69000244140625,12068600,0,0,-0.061370386413404865
2018-03-28,298.3900146484375,298.79998779296875,281.6099853515625,285.7699890136719,285.7699890136719,18972900,0,0,-0.04961925340581208
2018-03-29,287.0,295.3500061035156,275.8999938964844,295.3500061035156,295.3500061035156,19145500,0,0,0.033523524016321415
2018-04-02,291.94000244140625,292.8699951171875,275.04998779296875,280.2900085449219,280.2900085449219,13405800,0,0,-0.05099034111181111
2018-04-03,285.45001220703125,291.25,278.010009765625,283.6700134277344,283.6700134277344,12694900,0,0,0.012058956009025179
2018-04-04,273.6300048828125,290.30999755859375,271.2200012207031,288.94000244140625,288.94000244140625,12914000,0,0,0.01857788544510508
2018-04-05,293.1499938964844,299.1600036621094,289.1099853515625,293.9700012207031,293.9700012207031,10655200,0,0,0.01740845413163905
2018-04-06,289.1000061035156,298.8500061035156,285.6499938964844,288.8500061035156,288.8500061035156,11444800,0,0,-0.017416726522865744
2018-04-09,291.7699890136719,299.54998779296875,289.1199951171875,289.92999267578125,289.92999267578125,9853600,0,0,0.0037389182947726862
2018-04-10,297.67999267578125,298.95001220703125,291.69000244140625,298.07000732421875,298.07000732421875,10660500,0,0,0.028075793653884684
2018-04-11,302.8800048828125,311.6400146484375,301.82000732421875,303.6700134277344,303.6700134277344,14877400,0,0,0.018787553144937297
2018-04-12,309.7200012207031,311.1300048828125,306.75,309.25,309.25,10249400,0,0,0.018375164901138774
2018-04-13,317.2900085449219,317.489990234375,308.2300109863281,311.6499938964844,311.6499938964844,12046600,0,0,0.007760691662035191
2018-04-16,315.989990234375,316.1000061035156,304.0,307.7799987792969,307.7799987792969,20307900,0,0,-0.01241776092725655
2018-04-17,329.6600036621094,338.6199951171875,323.7699890136719,336.05999755859375,336.05999755859375,33866500,0,0,0.0918838095115333
2018-04-18,336.29998779296875,338.82000732421875,331.1000061035156,334.5199890136719,334.5199890136719,11221100,0,0,-0.004582540487144349
2018-04-19,332.8800048828125,335.30999755859375,326.7699890136719,332.70001220703125,332.70001220703125,8438800,0,0,-0.005440562197813081
2018-04-20,332.2200012207031,336.510009765625,326.0,327.7699890136719,327.7699890136719,9158700,0,0,-0.014818223662377061
2018-04-23,329.1499938964844,331.2200012207031,317.0799865722656,318.69000244140625,318.69000244140625,8968000,0,0,-0.027702312220802106
2018-04-24,319.2200012207031,320.25,302.30999755859375,307.0199890136719,307.0199890136719,13893200,0,0,-0.03661869948330121
2018-04-25,306.3699951171875,309.9800109863281,292.6199951171875,305.760009765625,305.760009765625,14919700,0,0,-0.004103899723580384
2018-04-26,310.0,316.6300048828125,305.5799865722656,313.9800109863281,313.9800109863281,9266700,0,0,0.02688383358897717
2018-04-27,316.25,317.45001220703125,306.5,311.760009765625,311.760009765625,7074400,0,0,-0.0070705176859166
2018-04-30,311.07000732421875,317.8800048828125,310.1199951171875,312.4599914550781,312.4599914550781,6088800,0,0,0.0022452581072838207
2018-05-01,310.3599853515625,313.4800109863281,306.69000244140625,313.29998779296875,313.29998779296875,6036600,0,0,0.002688332461314058
2018-05-02,311.6499938964844,317.1000061035156,310.3999938964844,313.3599853515625,313.3599853515625,5697100,0,0,0.0001915019499885151
2018-05-03,312.5899963378906,312.5899963378906,305.7300109863281,311.69000244140625,311.69000244140625,6135800,0,0,-0.005329279385441255
2018-05-04,308.7099914550781,320.9800109863281,307.6700134277344,320.0899963378906,320.0899963378906,8209500,0,0,0.026949834228524816
2018-05-07,321.989990234375,329.0199890136719,319.3399963378906,326.260009765625,326.260009765625,7117800,0,0,0.01927587084359006
2018-05-08,325.8999938964844,327.3500061035156,323.04998779296875,326.8900146484375,326.8900146484375,4735700,0,0,0.0019309902039943427
2018-05-09,328.7900085449219,331.95001220703125,327.510009765625,330.29998779296875,330.29998779296875,5633400,0,0,0.010431561050277427
2018-05-10,331.5,332.05999755859375,327.3399963378906,329.6000061035156,329.6000061035156,5302300,0,0,-0.002119230140244177
2018-05-11,329.6499938964844,331.260009765625,324.8699951171875,326.4599914550781,326.4599914550781,4589700,0,0,-0.0095267432957854
2018-05-14,327.25,330.5,327.0400085449219,328.5299987792969,328.5299987792969,4089800,0,0,0.0063407687876007035
2018-05-15,325.94000244140625,326.94000244140625,322.42999267578125,326.1300048828125,326.1300048828125,4746100,0,0,-0.007305250374096461
2018-05-16,326.2799987792969,329.7200012207031,325.1400146484375,328.19000244140625,328.19000244140625,3671700,0,0,0.00631649197483064
2018-05-17,327.5299987792969,330.45001220703125,323.1700134277344,325.2200012207031,325.2200012207031,4935700,0,0,-0.009049639533834863
2018-05-18,324.8999938964844,326.4200134277344,322.79998779296875,324.17999267578125,324.17999267578125,3577700,0,0,-0.003197861573760008
2018-05-21,327.1099853515625,331.8800048828125,325.45001220703125,331.82000732421875,331.82000732421875,6657300,0,0,0.02356719976879762
2018-05-22,334.04998779296875,336.6300048828125,331.1499938964844,331.6199951171875,331.6199951171875,5964400,0,0,-0.0006027731981689266
2018-05-23,329.0400085449219,345.0,328.0899963378906,344.7200012207031,344.7200012207031,10049100,0,0,0.03950306464146225
2018-05-24,344.3399963378906,354.0,341.1199951171875,349.2900085449219,349.2900085449219,14758600,0,0,0.01325715742642064
2018-05-25,349.8999938964844,354.3599853515625,348.8299865722656,351.2900085449219,351.2900085449219,7817400,0,0,0.005725900973611031
2018-05-29,351.5,356.1000061035156,346.7099914550781,349.7300109863281,349.7300109863281,9717900,0,0,-0.00444076836985885
2018-05-30,352.3699951171875,354.0,349.260009765625,353.5400085449219,353.5400085449219,5685500,0,0,0.010894110996790385
2018-05-31,353.79998779296875,355.5299987792969,350.2099914550781,351.6000061035156,351.6000061035156,6921700,0,0,-0.005487363224860431
2018-06-01,353.8800048828125,359.989990234375,352.82000732421875,359.92999267578125,359.92999267578125,7112300,0,0,0.023691656506436898
2018-06-04,362.67999267578125,363.0,355.510009765625,361.80999755859375,361.80999755859375,7682000,0,0,0.005223251524098416
2018-06-05,363.32000732421875,369.8299865722656,361.4100036621094,365.79998779296875,365.79998779296875,8358000,0,0,0.011027860648678889
2018-06-06,367.7799987792969,369.67999267578125,363.3299865722656,367.45001220703125,367.45001220703125,7712300,0,0,0.004510728455782154
2018-06-07,368.5400085449219,368.70001220703125,357.79998779296875,361.3999938964844,361.3999938964844,8278000,0,0,-0.016464874430697107
2018-06-08,358.05999755859375,362.3900146484375,356.25,360.57000732421875,360.57000732421875,5225700,0,0,-0.002296587123084892
2018-06-11,361.8800048828125,365.6700134277344,360.9100036621094,361.45001220703125,361.45001220703125,4432400,0,0,0.0024405936848241883
2018-06-12,363.6000061035156,365.9800109863281,362.0,363.8299865722656,363.8299865722656,4291000,0,0,0.0065845187020527884
2018-06-13,367.5299987792969,384.25,364.1099853515625,379.92999267578125,379.92999267578125,18222800,0,0,0.04425145451917767
2018-06-14,384.2699890136719,395.0299987792969,383.25,392.8699951171875,392.8699951171875,14598300,0,0,0.03405891267038985
2018-06-15,390.7099914550781,398.8599853515625,387.510009765625,391.9800109863281,391.9800109863281,13588100,0,0,-0.0022653400410329594
2018-06-18,387.7200012207031,393.1600036621094,386.5,390.3999938964844,390.3999938964844,6824800,0,0,-0.004030861384660911
2018-06-19,389.5,405.2900085449219,388.5,404.9800109863281,404.9800109863281,16697100,0,0,0.037346355834497524
2018-06-20,415.1499938964844,419.4700012207031,409.6000061035156,416.760009765625,416.760009765625,16494600,0,0,0.029087852387100988
2018-06-21,421.3800048828125,423.2099914550781,406.3699951171875,415.44000244140625,415.44000244140625,18389900,0,0,-0.003167308026893245
2018-06-22,419.9800109863281,420.5,409.6499938964844,411.0899963378906,411.0899963378906,10428600,0,0,-0.010470840742230036
2018-06-25,404.69000244140625,405.989990234375,378.75,384.4800109863281,384.4800109863281,22490900,0,0,-0.06473031596149748
2018-06-26,393.2799987792969,404.7799987792969,389.04998779296875,399.3900146484375,399.3900146484375,15191200,0,0,0.038779658853681065
2018-06-27,407.55999755859375,411.5899963378906,390.0,390.3900146484375,390.3900146484375,16541400,0,0,-0.022534364079988878
2018-06-28,395.0,396.8999938964844,387.1000061035156,395.4200134277344,395.4200134277344,12219900,0,0,0.01288454773574732
2018-06-29,399.19000244140625,401.3299865722656,390.54998779296875,391.42999267578125,391.42999267578125,9252500,0,0,-0.010090588782710519
2018-07-02,385.45001220703125,398.3800048828125,380.0,398.17999267578125,398.17999267578125,8142500,0,0,0.017244462934119076
2018-07-03,399.489990234375,399.9800109863281,389.5,390.5199890136719,390.5199890136719,5280300,0,0,-0.01923754031596092
2018-07-05,393.79998779296875,399.239990234375,390.8599853515625,398.3900146484375,398.3900146484375,8448900,0,0,0.020152683233047197
2018-07-06,397.45001220703125,408.6499938964844,395.5199890136719,408.25,408.25,8629600,0,0,0.02474957953015844
2018-07-09,415.95001220703125,419.1199951171875,411.1000061035156,418.9700012207031,418.9700012207031,11127500,0,0,0.026258423075818937
2018-07-10,417.239990234375,419.44000244140625,413.0799865722656,415.6300048828125,415.6300048828125,9382900,0,0,-0.007971922400552
2018-07-11,411.3399963378906,419.7699890136719,410.6000061035156,418.6499938964844,418.6499938964844,9713900,0,0,0.007266051483755032
2018-07-12,415.1600036621094,416.7900085449219,407.79998779296875,413.5,413.5,12743300,0,0,-0.012301430721524786
2018-07-13,409.19000244140625,410.0,395.0799865722656,395.79998779296875,395.79998779296875,15719000,0,0,-0.042805349956544725
2018-07-16,398.9800109863281,403.3599853515625,391.75,400.4800109863281,400.4800109863281,22960000,0,0,0.011824212576295956
2018-07-17,346.95001220703125,385.0,344.0,379.4800109863281,379.4800109863281,58410400,0,0,-0.05243707407088771
2018-07-18,381.239990234375,383.1300048828125,372.3599853515625,375.1300048828125,375.1300048828125,21746300,0,0,-0.01146307045846573
2018-07-19,371.05999755859375,375.75,363.0,364.2300109863281,364.2300109863281,16878700,0,0,-0.02905657706556808
2018-07-20,364.9200134277344,370.5,360.1400146484375,361.04998779296875,361.04998779296875,15096700,0,0,-0.008730810469867456
2018-07-23,359.1499938964844,363.8999938964844,353.6000061035156,362.6600036621094,362.6600036621094,11505200,0,0,0.004459260278562471
2018-07-24,366.94000244140625,367.3999938964844,354.55999755859375,357.32000732421875,357.32000732421875,12851500,0,0,-0.014724525130887844
2018-07-25,357.57000732421875,363.2799987792969,355.6499938964844,362.8699951171875,362.8699951171875,8467800,0,0,0.015532261500075695
2018-07-26,358.19000244140625,365.5400085449219,356.6300048828125,363.0899963378906,363.0899963378906,6993700,0,0,0.0006062811024980519
2018-07-27,366.8500061035156,367.0,351.6499938964844,355.2099914550781,355.2099914550781,8949500,0,0,-0.021702621835605118
2018-07-30,351.92999267578125,352.0299987792969,334.0199890136719,334.9599914550781,334.9599914550781,18260700,0,0,-0.057008531536649976
2018-07-31,331.510009765625,342.5,328.0,337.45001220703125,337.45001220703125,14085400,0,0,0.007433785572827256
2018-08-01,335.8699951171875,344.4100036621094,334.0199890136719,338.3800048828125,338.3800048828125,7790500,0,0,0.0027559420421969794
2018-08-02,337.2300109863281,345.0,334.7099914550781,344.5,344.5,7131300,0,0,0.018086160614918745
2018-08-03,347.75,347.8599853515625,338.4800109863281,343.0899963378906,343.0899963378906,8848400,0,0,-0.0040928988740475125
2018-08-06,342.8699951171875,351.9800109863281,341.739990234375,350.9200134277344,350.9200134277344,8198100,0,0,0.022822050113441295
2018-08-07,353.2300109863281,357.30999755859375,349.010009765625,351.8299865722656,351.8299865722656,7970900,0,0,0.002593107003623807
2018-08-08,352.2099914550781,352.2900085449219,346.6099853515625,347.6099853515625,347.6099853515625,5394700,0,0,-0.011994433055058318
2018-08-09,347.9599914550781,352.44000244140625,345.82000732421875,349.3599853515625,349.3599853515625,4820300,0,0,0.005034377819239211
2018-08-10,346.9100036621094,349.1000061035156,344.4200134277344,345.8699951171875,345.8699951171875,4328400,0,0,-0.009989667909056643
2018-08-13,339.8900146484375,347.19000244140625,339.07000732421875,341.30999755859375,341.30999755859375,6888900,0,0,-0.013184137459072542
2018-08-14,342.0899963378906,342.4100036621094,336.25,337.489990234375,337.489990234375,5805200,0,0,-0.011192192879035057
2018-08-15,334.0299987792969,335.5,321.0,326.3999938964844,326.3999938964844,11784500,0,0,-0.032860222995618305
2018-08-16,329.8999938964844,331.1700134277344,321.2099914550781,322.44000244140625,322.44000244140625,6689700,0,0,-0.012132326988749886
2018-08-17,319.010009765625,324.3699951171875,312.9599914550781,316.7799987792969,316.7799987792969,10407900,0,0,-0.017553664617459885
2018-08-20,314.6400146484375,331.6000061035156,310.92999267578125,327.7300109863281,327.7300109863281,13591100,0,0,0.03456661484066803
2018-08-21,331.0,341.5,329.70001220703125,338.0199890136719,338.0199890136719,14783200,0,0,0.031397728869490216
2018-08-22,338.489990234375,346.2099914550781,337.4100036621094,344.44000244140625,344.44000244140625,8930700,0,0,0.018992999338493854
2018-08-23,348.1099853515625,350.0799865722656,337.6499938964844,339.1700134277344,339.1700134277344,11336400,0,0,-0.0153001654172511
2018-08-24,346.0,359.1499938964844,344.5400085449219,358.82000732421875,358.82000732421875,14729100,0,0,0.05793552825586423
2018-08-27,367.1499938964844,374.489990234375,360.0,364.5799865722656,364.5799865722656,17427300,0,0,0.016052558749441115
2018-08-28,367.2300109863281,369.989990234375,360.3800048828125,368.489990234375,368.489990234375,9222600,0,0,0.01072467992242454
2018-08-29,367.20001220703125,369.8599853515625,362.9100036621094,368.0400085449219,368.0400085449219,8118700,0,0,-0.0012211503741713647
2018-08-30,365.0,376.80999755859375,363.5400085449219,370.9800109863281,370.9800109863281,10981000,0,0,0.007988268593487335
2018-08-31,370.6600036621094,376.0,367.0799865722656,367.67999267578125,367.67999267578125,7943400,0,0,-0.008895407334139294
2018-09-04,366.4700012207031,368.8800048828125,361.260009765625,363.6000061035156,363.6000061035156,7605200,0,0,-0.0110965694450047
2018-09-05,360.0,363.3900146484375,335.8299865722656,341.17999267578125,341.17999267578125,13092800,0,0,-0.06166120201150793
2018-09-06,347.44000244140625,356.0,341.989990234375,346.4599914550781,346.4599914550781,13050200,0,0,0.015475698729832565
2018-09-07,342.20001220703125,355.75,341.25,348.67999267578125,348.67999267578125,9105800,0,0,0.0064076697900368185
2018-09-10,352.2699890136719,352.5,343.0799865722656,348.4100036621094,348.4100036621094,5752200,0,0,-0.0007743174811951636
2018-09-11,344.6700134277344,356.1499938964844,343.8999938964844,355.92999267578125,355.92999267578125,6198100,0,0,0.02158373449278117
2018-09-12,359.0799865722656,370.42999267578125,356.239990234375,369.95001220703125,369.95001220703125,10480800,0,0,0.03938982333534602
2018-09-13,371.9100036621094,374.0899963378906,366.8399963378906,368.1499938964844,368.1499938964844,8366100,0,0,-0.004865571701993976
2018-09-14,368.54998779296875,371.0899963378906,363.4599914550781,364.55999755859375,364.55999755859375,4756400,0,0,-0.009751450217054924
2018-09-17,364.2200012207031,367.3299865722656,349.57000732421875,350.3500061035156,350.3500061035156,7071900,0,0,-0.03897847144568911
2018-09-18,353.6700134277344,368.1499938964844,351.55999755859375,367.6499938964844,367.6499938964844,10414000,0,0,0.049379156533701396
2018-09-19,373.95001220703125,377.6099853515625,359.1700134277344,366.9599914550781,366.9599914550781,11876800,0,0,-0.0018767916574493615
2018-09-20,370.260009765625,370.260009765625,363.1700134277344,365.3599853515625,365.3599853515625,6768100,0,0,-0.004360164979215431
2018-09-21,366.5899963378906,372.2200012207031,360.739990234375,361.19000244140625,361.19000244140625,11930600,0,0,-0.011413354163958944
2018-09-24,359.0,373.6400146484375,354.3299865722656,369.6099853515625,369.6099853515625,9322500,0,0,0.02331178286564617
2018-09-25,370.2300109863281,371.3399963378906,364.489990234375,369.42999267578125,369.42999267578125,6799800,0,0,-0.00048698001383817857
2018-09-26,373.5899963378906,382.0,370.8800048828125,377.8800048828125,377.8800048828125,13799700,0,0,0.022873108233112838
2018-09-27,379.8699951171875,383.20001220703125,376.0,380.7099914550781,380.7099914550781,7326200,0,0,0.007489114363548488
2018-09-28,379.239990234375,380.79998779296875,373.7300109863281,374.1300048828125,374.1300048828125,7114900,0,0,-0.017283461742406137
2018-10-01,375.8500061035156,386.1099853515625,375.5899963378906,381.42999267578125,381.42999267578125,8376600,0,0,0.019511901471936932
2018-10-02,384.3800048828125,386.79998779296875,373.8299865722656,377.1400146484375,377.1400146484375,8638700,0,0,-0.011247091497050388
2018-10-03,378.5299987792969,380.92999267578125,374.8800048828125,377.04998779296875,377.04998779296875,5798600,0,0,-0.00023870937045133989
2018-10-04,375.8800048828125,375.9200134277344,360.3999938964844,363.6499938964844,363.6499938964844,9074400,0,0,-0.0355390381390015
2018-10-05,359.7699890136719,363.5,343.0,351.3500061035156,351.3500061035156,13523000,0,0,-0.033823698609685704
2018-10-08,345.17999267578125,352.95001220703125,338.1099853515625,349.1000061035156,349.1000061035156,12375500,0,0,-0.006403870672872847
2018-10-09,348.4800109863281,358.7200012207031,347.0899963378906,355.7099914550781,355.7099914550781,8755000,0,0,0.018934360458310984
2018-10-10,353.5199890136719,355.1499938964844,325.3900146484375,325.8900146484375,325.8900146484375,17183100,0,0,-0.08383227214017275
2018-10-11,324.94000244140625,334.20001220703125,315.80999755859375,321.1000061035156,321.1000061035156,16082100,0,0,-0.014698236612401994
2018-10-12,339.57000732421875,341.29998779296875,328.8999938964844,339.55999755859375,339.55999755859375,14870800,0,0,0.05748985083833058
2018-10-15,337.6300048828125,339.2099914550781,326.92999267578125,333.1300048828125,333.1300048828125,11215000,0,0,-0.01893624903408031
2018-10-16,337.239990234375,347.95001220703125,330.55999755859375,346.3999938964844,346.3999938964844,20156400,0,0,0.039834265359375065
2018-10-17,378.3299865722656,380.0,356.5,364.70001220703125,364.70001220703125,32610900,0,0,0.05282915309754754
2018-10-18,360.6700134277344,362.20001220703125,346.04998779296875,346.7099914550781,346.7099914550781,18461000,0,0,-0.049328270221555726
2018-10-19,351.0,355.79998779296875,332.20001220703125,332.6700134277344,332.6700134277344,16717200,0,0,-0.040494875756018844
2018-10-22,333.1000061035156,335.79998779296875,320.3399963378906,329.5400085449219,329.5400085449219,17097200,0,0,-0.00940873765736161
2018-10-23,318.0,336.5799865722656,316.7699890136719,333.1600036621094,333.1600036621094,14907300,0,0,0.010984994305157425
2018-10-24,332.2799987792969,333.0,300.7300109863281,301.8299865722656,301.8299865722656,19039300,0,0,-0.09403895049064359
2018-10-25,307.1199951171875,319.94000244140625,305.25,312.8699951171875,312.8699951171875,13346900,0,0,0.0365769109633467
2018-10-26,300.510009765625,313.989990234375,292.29998779296875,299.8299865722656,299.8299865722656,19616000,0,0,-0.041678680437341575
2018-10-29,305.260009765625,307.8900146484375,275.3999938964844,284.8399963378906,284.8399963378906,21698800,0,0,-0.04999496683351945
2018-10-30,275.57000732421875,290.5199890136719,271.2099914550781,285.80999755859375,285.80999755859375,23685700,0,0,0.003405424916353539
2018-10-31,297.7699890136719,311.5,295.04998779296875,301.7799987792969,301.7799987792969,20360300,0,0,0.0558762861940445
2018-11-01,304.5899963378906,318.45001220703125,296.6700134277344,317.3800048828125,317.3800048828125,15121500,0,0,0.05169330693424956
2018-11-02,318.0,321.8800048828125,308.3299865722656,309.1000061035156,309.1000061035156,13404600,0,0,-0.026088596168350686
2018-11-05,311.1000061035156,317.5299987792969,303.739990234375,315.44000244140625,315.44000244140625,10283000,0,0,0.020511149183760846
2018-11-06,314.760009765625,320.2200012207031,305.29998779296875,310.8399963378906,310.8399963378906,9710400,0,0,-0.01458282420718049
2018-11-07,312.8999938964844,328.55999755859375,311.0,327.5,327.5,13328300,0,0,0.05359671811345512
2018-11-08,328.0,332.04998779296875,316.6099853515625,317.9200134277344,317.9200134277344,11023900,0,0,-0.02925186739623087
2018-11-09,311.07000732421875,312.9800109863281,298.010009765625,303.4700012207031,303.4700012207031,13480800,0,0,-0.045451722435573716
2018-11-12,300.0,302.489990234375,290.6300048828125,294.07000732421875,294.07000732421875,10924800,0,0,-0.03097503495789722
2018-11-13,295.0,303.54998779296875,289.1000061035156,294.3999938964844,294.3999938964844,12232200,0,0,0.001122136103808069
2018-11-14,300.3999938964844,301.8399963378906,278.29998779296875,286.7300109863281,286.7300109863281,16853600,0,0,-0.02605293162082445
2018-11-15,285.510009765625,292.5,282.1600036621094,290.05999755859375,290.05999755859375,9967100,0,0,0.011613665973822407
2018-11-16,287.1400146484375,291.7200012207031,281.0,286.2099914550781,286.2099914550781,9099500,0,0,-0.013273137061024398
2018-11-19,283.7900085449219,285.0899963378906,269.1499938964844,270.6000061035156,270.6000061035156,12993800,0,0,-0.054540322901384664
2018-11-20,254.6300048828125,276.3399963378906,250.0,266.9800109863281,266.9800109863281,16693800,0,0,-0.013377660885205978
2018-11-21,274.4200134277344,275.3399963378906,261.510009765625,262.1300048828125,262.1300048828125,11023000,0,0,-0.0181661768819239
2018-11-23,260.1099853515625,265.5,256.8399963378906,258.82000732421875,258.82000732421875,5245100,0,0,-0.012627312772047983
2018-11-26,260.54998779296875,266.25,253.8000030517578,261.42999267578125,261.42999267578125,12498600,0,0,0.01008417153892216
2018-11-27,259.239990234375,269.0799865722656,256.1400146484375,266.6300048828125,266.6300048828125,11149500,0,0,0.019890648941264244
2018-11-28,271.9800109863281,284.0,263.3399963378906,282.6499938964844,282.6499938964844,14801300,0,0,0.06008321914374526
2018-11-29,282.32000732421875,290.489990234375,275.5,288.75,288.75,15431500,0,0,0.021581483230987297
2018-11-30,288.0,290.80999755859375,283.05999755859375,286.1300048828125,286.1300048828125,11860100,0,0,-0.00907357616341986
2018-12-03,293.19000244140625,298.7200012207031,284.5799865722656,290.29998779296875,290.29998779296875,14117400,0,0,0.014573735151838019
2018-12-04,288.1300048828125,295.739990234375,274.7200012207031,275.3299865722656,275.3299865722656,12800600,0,0,-0.05156735050012873
2018-12-06,268.3299865722656,283.2200012207031,267.1400146484375,282.8800048828125,282.8800048828125,13074300,0,0,0.02742170732850857
2018-12-07,282.4800109863281,284.2099914550781,263.3800048828125,265.1400146484375,265.1400146484375,12466700,0,0,-0.06271206846777333
2018-12-10,264.19000244140625,271.17999267578125,260.6099853515625,269.70001220703125,269.70001220703125,9605600,0,0,0.017198451032146567
2018-12-11,274.0799865722656,274.5,262.760009765625,265.32000732421875,265.32000732421875,9843200,0,0,-0.01624028433283964
2018-12-12,267.6600036621094,281.7699890136719,266.4800109863281,274.8800048828125,274.8800048828125,11456700,0,0,0.0360319512086833
2018-12-13,277.6400146484375,279.32000732421875,271.8500061035156,276.0199890136719,276.0199890136719,8379300,0,0,0.004147206455942021
2018-12-14,271.80999755859375,277.6700134277344,265.0,266.8399963378906,266.8399963378906,9915300,0,0,-0.03325843432059028
2018-12-17,266.510009765625,272.9800109863281,261.0799865722656,262.79998779296875,262.79998779296875,9634700,0,0,-0.015140191127143265
2018-12-18,263.29998779296875,275.75,263.2900085449219,270.94000244140625,270.94000244140625,10350100,0,0,0.03097418198835733
2018-12-19,269.9599914550781,280.8699951171875,263.7699890136719,266.7699890136719,266.7699890136719,13788400,0,0,-0.015390910866460827
2018-12-20,264.6400146484375,269.8999938964844,251.8800048828125,260.5799865722656,260.5799865722656,16792900,0,0,-0.023203518747714202
2018-12-21,263.8299865722656,264.5,241.2899932861328,246.38999938964844,246.38999938964844,21397600,0,0,-0.05445539916275166
2018-12-24,242.0,250.64999389648438,233.67999267578125,233.8800048828125,233.8800048828125,9547600,0,0,-0.05077314232649621
2018-12-26,233.9199981689453,254.5,231.22999572753906,253.6699981689453,253.6699981689453,14402700,0,0,0.08461601194188773
2018-12-27,250.11000061035156,255.58999633789062,240.10000610351562,255.57000732421875,255.57000732421875,12235200,0,0,0.007490082268254872
2018-12-28,257.94000244140625,261.9100036621094,249.8000030517578,256.0799865722656,256.0799865722656,10992800,0,0,0.0019954581266647953
2018-12-31,260.1600036621094,270.1000061035156,260.0,267.6600036621094,267.6600036621094,13508900,0,0,0.04522031278135774
2019-01-02,259.2799987792969,269.75,256.5799865722656,267.6600036621094,267.6600036621094,11679500,0,0,0.0
2019-01-03,270.20001220703125,275.7900085449219,264.42999267578125,271.20001220703125,271.20001220703125,14969600,0,0,0.013225765883911222
2019-01-04,281.8800048828125,297.79998779296875,278.5400085449219,297.57000732421875,297.57000732421875,19330100,0,0,0.09723449089322656
2019-01-07,302.1000061035156,316.79998779296875,301.6499938964844,315.3399963378906,315.3399963378906,18620100,0,0,0.05971700297843019
2019-01-08,319.9800109863281,320.5899963378906,308.010009765625,320.2699890136719,320.2699890136719,15359200,0,0,0.0156338958997726
2019-01-09,317.7099914550781,323.3500061035156,313.5,319.9599914550781,319.9599914550781,13343200,0,0,-0.0009679257165132737
2019-01-10,314.57000732421875,325.3699951171875,312.5,324.6600036621094,324.6600036621094,13472500,0,0,0.014689374711060132
2019-01-11,330.9599914550781,341.0899963378906,328.5199890136719,337.5899963378906,337.5899963378906,19500400,0,0,0.039826256791514636
2019-01-14,334.239990234375,335.4800109863281,329.1300048828125,332.94000244140625,332.94000244140625,10499600,0,0,-0.01377408675294467
2019-01-15,349.6000061035156,357.2200012207031,347.0,354.6400146484375,354.6400146484375,21181200,0,0,0.06517694493875137
2019-01-16,354.0,358.8500061035156,348.1099853515625,351.3900146484375,351.3900146484375,15385500,0,0,-0.0091642224953713
2019-01-17,349.5,355.7900085449219,346.4100036621094,353.19000244140625,353.19000244140625,18871200,0,0,0.0051224784937888845
2019-01-18,351.9700012207031,353.0,336.7300109863281,339.1000061035156,339.1000061035156,26621000,0,0,-0.03989353107532578
2019-01-22,334.8900146484375,336.8800048828125,321.0299987792969,325.1600036621094,325.1600036621094,17941400,0,0,-0.0411088239177172
2019-01-23,328.25,331.75,318.6000061035156,321.989990234375,321.989990234375,13480100,0,0,-0.009749087809177492
2019-01-24,320.6000061035156,331.79998779296875,319.0,326.6700134277344,326.6700134277344,11131600,0,0,0.014534685348301712
2019-01-25,328.7200012207031,340.0,328.510009765625,338.04998779296875,338.04998779296875,11152900,0,0,0.03483629931570631
2019-01-28,334.70001220703125,336.29998779296875,328.8800048828125,335.6600036621094,335.6600036621094,8652100,0,0,-0.0070699133771987555
2019-01-29,335.8699951171875,338.2200012207031,328.1499938964844,328.8999938964844,328.8999938964844,7655200,0,0,-0.020139455675004747
2019-01-30,332.75,341.7799987792969,330.79998779296875,340.6600036621094,340.6600036621094,9234500,0,0,0.03575557915433181
2019-01-31,339.67999267578125,345.989990234375,338.0899963378906,339.5,339.5,8535500,0,0,-0.003405165413137068
2019-02-01,337.17999267578125,346.8399963378906,336.5,339.8500061035156,339.8500061035156,9827800,0,0,0.0010309458130062232
2019-02-04,342.6000061035156,352.0,341.29998779296875,351.3399963378906,351.3399963378906,9051400,0,0,0.03380900405479248
2019-02-05,353.20001220703125,360.0,352.8999938964844,355.80999755859375,355.80999755859375,9046600,0,0,0.01272272234102334
2019-02-06,357.0,357.0400085449219,347.19000244140625,352.19000244140625,352.19000244140625,6717700,0,0,-0.010173955599972584
2019-02-07,347.8999938964844,348.75,339.0199890136719,344.7099914550781,344.7099914550781,7864500,0,0,-0.021238567064584934
2019-02-08,338.0,348.0,338.0,347.57000732421875,347.57000732421875,7561400,0,0,0.00829687546063873
2019-02-11,350.0,352.8699951171875,344.80999755859375,345.7300109863281,345.7300109863281,5454900,0,0,-0.005293886984253593
2019-02-12,348.0899963378906,360.0,346.5199890136719,359.9700012207031,359.9700012207031,10429400,0,0,0.041188180898007465
2019-02-13,357.29998779296875,359.6000061035156,350.2799987792969,351.7699890136719,351.7699890136719,10559100,0,0,-0.0227797099181154
2019-02-14,351.75,360.45001220703125,348.3299865722656,359.07000732421875,359.07000732421875,9295300,0,0,0.020752248737919254
2019-02-15,358.4700012207031,364.3999938964844,355.5,356.8699951171875,356.8699951171875,9230000,0,0,-0.006126972908223949
2019-02-19,355.79998779296875,365.0,355.32000732421875,361.9200134277344,361.9200134277344,7396600,0,0,0.01415086272211985
2019-02-20,364.8500061035156,366.7099914550781,356.70001220703125,359.9100036621094,359.9100036621094,8110700,0,0,-0.00555374030462763
2019-02-21,360.0299987792969,362.8500061035156,353.8800048828125,356.9700012207031,356.9700012207031,6227900,0,0,-0.008168715544140226
2019-02-22,360.3399963378906,366.1300048828125,360.04998779296875,363.0199890136719,363.0199890136719,7088200,0,0,0.016948168676023334
2019-02-25,367.010009765625,371.489990234375,363.7900085449219,363.9100036621094,363.9100036621094,7569300,0,0,0.0024516959819642636
2019-02-26,362.9800109863281,365.70001220703125,359.3299865722656,364.9700012207031,364.9700012207031,4944600,0,0,0.0029128013737647063
2019-02-27,363.5,368.0299987792969,359.79998779296875,362.8699951171875,362.8699951171875,5629900,0,0,-0.00575391428471328
2019-02-28,362.4700012207031,366.3900146484375,357.7099914550781,358.1000061035156,358.1000061035156,6186800,0,0,-0.0131451734170841
2019-03-01,362.260009765625,362.8699951171875,354.69000244140625,357.32000732421875,357.32000732421875,5526500,0,0,-0.002178159078476516
2019-03-04,359.7200012207031,362.25,348.0400085449219,351.0400085449219,351.0400085449219,7487000,0,0,-0.017575278883274592
2019-03-05,351.4599914550781,356.1700134277344,348.25,354.29998779296875,354.29998779296875,5937800,0,0,0.009286631633697917
2019-03-06,353.6000061035156,359.8800048828125,351.70001220703125,359.6099853515625,359.6099853515625,6211900,0,0,0.014987292524821116
2019-03-07,360.1600036621094,362.8599853515625,350.5,352.6000061035156,352.6000061035156,6151300,0,0,-0.01949328309444398
2019-03-08,345.75,349.9200134277344,342.4700012207031,349.6000061035156,349.6000061035156,6898800,0,0,-0.008508224469852332
2019-03-11,352.0,358.9800109863281,350.0299987792969,358.8599853515625,358.8599853515625,5387300,0,0,0.026487354366077964
2019-03-12,359.3699951171875,360.1300048828125,353.79998779296875,356.2699890136719,356.2699890136719,5164600,0,0,-0.007217289315088471
2019-03-13,355.80999755859375,362.4800109863281,352.7699890136719,361.2099914550781,361.2099914550781,6444100,0,0,0.013865895511105508
2019-03-14,360.5,363.8399963378906,358.1000061035156,358.82000732421875,358.82000732421875,5271400,0,0,-0.006616605817662213
2019-03-15,361.0199890136719,364.0,358.8900146484375,361.4599914550781,361.4599914550781,8444500,0,0,0.007357405041447329
2019-03-18,362.4700012207031,370.9700012207031,361.8599853515625,363.44000244140625,363.44000244140625,7194700,0,0,0.005477815064282687
2019-03-19,366.3999938964844,366.9599914550781,356.79998779296875,358.7799987792969,358.7799987792969,7541400,0,0,-0.012821933828983667
2019-03-20,358.9100036621094,375.8999938964844,357.010009765625,375.2200012207031,375.2200012207031,10917200,0,0,0.04582195913189491
2019-03-21,374.0,379.0,370.6099853515625,377.8699951171875,377.8699951171875,8544000,0,0,0.007062507030177301
2019-03-22,375.95001220703125,376.42999267578125,360.0400085449219,361.010009765625,361.010009765625,8661300,0,0,-0.04461848140743163
2019-03-25,359.0,367.0400085449219,357.44000244140625,366.2300109863281,366.2300109863281,8473800,0,0,0.014459436246911928
2019-03-26,367.8699951171875,368.3800048828125,358.0199890136719,359.9700012207031,359.9700012207031,7666500,0,0,-0.017093109733868017
2019-03-27,361.0,362.4700012207031,350.3699951171875,353.3699951171875,353.3699951171875,7852400,0,0,-0.018334878131883725
2019-03-28,354.489990234375,355.94000244140625,349.20001220703125,354.6099853515625,354.6099853515625,4361000,0,0,0.0035090422263037713
2019-03-29,357.1600036621094,358.25,353.7099914550781,356.55999755859375,356.55999755859375,4705600,0,0,0.005499033551178867
2019-04-01,359.0,368.3299865722656,358.510009765625,366.9599914550781,366.9599914550781,7036100,0,0,0.029167584607623587
2019-04-02,366.25,368.4200134277344,362.2200012207031,367.7200012207031,367.7200012207031,5158700,0,0,0.002071097076854045
2019-04-03,369.260009765625,373.4100036621094,366.19000244140625,369.75,369.75,5368900,0,0,0.005520501393881272
2019-04-04,370.07000732421875,372.04998779296875,362.3999938964844,367.8800048828125,367.8800048828125,4627300,0,0,-0.00505745805865454
2019-04-05,369.0,369.79998779296875,364.6600036621094,365.489990234375,365.489990234375,3905500,0,0,-0.006496723433497942
2019-04-08,365.1099853515625,365.94000244140625,359.92999267578125,361.4100036621094,361.4100036621094,4653800,0,0,-0.011163059676817078
2019-04-09,360.5400085449219,366.739990234375,359.0,364.7099914550781,364.7099914550781,5439200,0,0,0.009130870090840126
2019-04-10,365.7900085449219,368.8500061035156,362.25,363.9200134277344,363.9200134277344,4545600,0,0,-0.002166044380062071
2019-04-11,365.0,370.1199951171875,360.80999755859375,367.6499938964844,367.6499938964844,6526900,0,0,0.01024945133854449
2019-04-12,360.69000244140625,361.75,349.3599853515625,351.1400146484375,351.1400146484375,15646200,0,0,-0.04490678504592993
2019-04-15,350.7099914550781,352.2099914550781,342.2699890136719,348.8699951171875,348.8699951171875,8842300,0,0,-0.006464713323893756
2019-04-16,355.0,364.4800109863281,352.7200012207031,359.4599914550781,359.4599914550781,18740200,0,0,0.030355136544010897
2019-04-17,365.04998779296875,368.760009765625,350.6000061035156,354.739990234375,354.739990234375,18054100,0,0,-0.013130811030169887
2019-04-18,355.0,360.4100036621094,351.6400146484375,360.3500061035156,360.3500061035156,8353200,0,0,0.01581444444826796
2019-04-22,359.70001220703125,377.69000244140625,359.0,377.3399963378906,377.3399963378906,11980500,0,0,0.04714857762342972
2019-04-23,375.45001220703125,384.79998779296875,374.7099914550781,381.8900146484375,381.8900146484375,10089800,0,0,0.012058139488803521
2019-04-24,381.07000732421875,381.8999938964844,373.2699890136719,374.2300109863281,374.2300109863281,6541900,0,0,-0.02005814074285517
2019-04-25,374.489990234375,374.760009765625,365.70001220703125,368.3299865722656,368.3299865722656,6255500,0,0,-0.01576577035741278
2019-04-26,368.3500061035156,375.1400146484375,366.239990234375,374.8500061035156,374.8500061035156,5621900,0,0,0.01770157133261474
2019-04-29,373.67999267578125,374.5799865722656,369.1199951171875,371.8299865722656,371.8299865722656,3821700,0,0,-0.008056607928708437
2019-04-30,369.55999755859375,374.5,368.3500061035156,370.5400085449219,370.5400085449219,3870100,0,0,-0.003469268412791271
2019-05-01,374.0,385.989990234375,373.1700134277344,378.80999755859375,378.80999755859375,9257300,0,0,0.022318747835483155
2019-05-02,378.0,383.5,374.510009765625,379.05999755859375,379.05999755859375,5398200,0,0,0.0006599614625042438
2019-05-03,381.5299987792969,385.0299987792969,378.2699890136719,385.0299987792969,385.0299987792969,5130300,0,0,0.015749488891346974
2019-05-06,377.69000244140625,381.3500061035156,376.0,378.6700134277344,378.6700134277344,5793100,0,0,-0.016518155394972478
2019-05-07,377.0,379.9100036621094,365.80999755859375,370.4599914550781,370.4599914550781,6974900,0,0,-0.021681204430049394
2019-05-08,367.9200134277344,369.0,361.3599853515625,364.3699951171875,364.3699951171875,6572000,0,0,-0.016439012250609286
2019-05-09,360.8999938964844,364.20001220703125,352.75,362.75,362.75,5882600,0,0,-0.004446016793085539
2019-05-10,361.6199951171875,365.260009765625,353.05999755859375,361.0400085449219,361.0400085449219,5657100,0,0,-0.004713966795528934
2019-05-13,352.2900085449219,354.260009765625,343.1000061035156,345.260009765625,345.260009765625,8026700,0,0,-0.04370706405335534
2019-05-14,348.7099914550781,349.95001220703125,342.5,345.6099853515625,345.6099853515625,5353000,0,0,0.0010136580433253162
2019-05-15,343.3399963378906,356.5,341.3900146484375,354.989990234375,354.989990234375,6340100,0,0,0.027140433669099462
2019-05-16,356.3699951171875,364.0,353.94000244140625,359.30999755859375,359.30999755859375,6441500,0,0,0.012169377850250296
2019-05-17,356.3900146484375,359.6199951171875,353.7900085449219,354.45001220703125,354.45001220703125,4725400,0,0,-0.013525884012648315
2019-05-20,351.2300109863281,352.4200134277344,345.3999938964844,348.1099853515625,348.1099853515625,4621500,0,0,-0.01788694212758435
2019-05-21,350.95001220703125,356.42999267578125,349.92999267578125,354.2699890136719,354.2699890136719,4026400,0,0,0.017695567267018486
2019-05-22,358.010009765625,370.4599914550781,357.29998779296875,359.7300109863281,359.7300109863281,6229400,0,0,0.01541203641848865
2019-05-23,355.5,357.4200134277344,347.70001220703125,352.2099914550781,352.2099914550781,5630400,0,0,-0.02090462097013035
2019-05-24,355.4100036621094,359.44000244140625,353.7900085449219,354.3900146484375,354.3900146484375,3831000,0,0,0.006189555226281618
2019-05-28,354.3900146484375,361.20001220703125,353.6499938964844,355.05999755859375,355.05999755859375,4717100,0,0,0.0018905242316742399
2019-05-29,353.6000061035156,353.8500061035156,345.8999938964844,349.19000244140625,349.19000244140625,5658900,0,0,-0.016532403417872543
2019-05-30,350.54998779296875,354.2099914550781,348.29998779296875,351.8500061035156,351.8500061035156,4008000,0,0,0.007617639805010512
2019-05-31,347.2200012207031,349.3399963378906,342.9200134277344,343.2799987792969,343.2799987792969,5023400,0,0,-0.02435699069363506
2019-06-03,343.55999755859375,347.6600036621094,332.6499938964844,336.6300048828125,336.6300048828125,7849600,0,0,-0.019371923561325333
2019-06-04,345.0,353.6099853515625,343.25,353.3999938964844,353.3999938964844,7891600,0,0,0.04981727347658693
2019-06-05,354.3800048828125,357.8800048828125,348.7099914550781,355.7300109863281,355.7300109863281,5020100,0,0,0.006593144114558802
2019-06-06,354.8399963378906,358.2099914550781,352.0899963378906,357.1300048828125,357.1300048828125,3710000,0,0,0.003935551832139783
2019-06-07,357.3900146484375,365.1499938964844,355.69000244140625,360.8699951171875,360.8699951171875,4777300,0,0,0.010472349517655966
2019-06-10,363.6499938964844,367.1000061035156,349.2900085449219,352.010009765625,352.010009765625,7810300,0,0,-0.024551737388655237
2019-06-11,355.0,357.5799865722656,348.5,351.2699890136719,351.2699890136719,5396700,0,0,-0.00210227189972767
2019-06-12,351.82000732421875,353.6099853515625,343.2300109863281,345.55999755859375,345.55999755859375,4584700,0,0,-0.01625527837180496
2019-06-13,347.2300109863281,348.5,339.25,343.42999267578125,343.42999267578125,6209300,0,0,-0.006163922033398328
2019-06-14,341.6300048828125,343.3999938964844,336.1600036621094,339.7300109863281,339.7300109863281,5019000,0,0,-0.010773612580034952
2019-06-17,342.69000244140625,351.7699890136719,342.05999755859375,350.6199951171875,350.6199951171875,5358200,0,0,0.03205481935270549
2019-06-18,355.57000732421875,361.5,353.75,357.1199951171875,357.1199951171875,5428500,0,0,0.018538589043752385
2019-06-19,361.7200012207031,364.739990234375,356.1199951171875,363.5199890136719,363.5199890136719,5667200,0,0,0.01792113010749863
2019-06-20,365.9100036621094,370.1199951171875,361.2200012207031,365.2099914550781,365.2099914550781,5899500,0,0,0.004648994532574946
2019-06-21,365.0,371.45001220703125,365.0,369.2099914550781,369.2099914550781,7448400,0,0,0.010952602868456784
2019-06-24,370.2699890136719,375.0,370.20001220703125,371.0400085449219,371.0400085449219,4830200,0,0,0.004956575207056391
2019-06-25,370.75,371.0,358.2900085449219,360.29998779296875,360.29998779296875,5750400,0,0,-0.028945721497990018
2019-06-26,361.6000061035156,366.7900085449219,361.6000061035156,362.20001220703125,362.20001220703125,3669700,0,0,0.005273451230740189
2019-06-27,363.20001220703125,370.8500061035156,363.20001220703125,370.0199890136719,370.0199890136719,4138600,0,0,0.021590216850050137
2019-06-28,370.260009765625,371.5400085449219,364.8699951171875,367.32000732421875,367.32000732421875,4592700,0,0,-0.007296853601477582
2019-07-01,373.5,376.6600036621094,372.0,374.6000061035156,374.6000061035156,4992600,0,0,0.01981922746960829
2019-07-02,374.8900146484375,376.0,370.30999755859375,375.42999267578125,375.42999267578125,3625000,0,0,0.0022156608615651052
2019-07-03,376.69000244140625,381.989990234375,375.8399963378906,381.7200012207031,381.7200012207031,3799000,0,0,0.01675414502738959
2019-07-05,378.2900085449219,381.3999938964844,375.55999755859375,380.54998779296875,380.54998779296875,3732200,0,0,-0.0030651090432588513
2019-07-08,378.19000244140625,378.25,375.3599853515625,376.1600036621094,376.1600036621094,3113400,0,0,-0.011535893500665861
2019-07-09,379.05999755859375,384.760009765625,377.5,379.92999267578125,379.92999267578125,6932800,0,0,0.010022301618909824
2019-07-10,382.7699890136719,384.3399963378906,362.67999267578125,381.0,381.0,5878800,0,0,0.0028163275994159687
2019-07-11,381.1000061035156,384.5400085449219,378.79998779296875,379.5,379.5,4336300,0,0,-0.003937007874015741
2019-07-12,378.67999267578125,379.739990234375,372.7900085449219,373.25,373.25,6636900,0,0,-0.016469038208168696
2019-07-15,372.94000244140625,373.67999267578125,362.29998779296875,366.6000061035156,366.6000061035156,7944700,0,0,-0.017816460539810786
2019-07-16,370.0899963378906,371.3399963378906,364.9200134277344,365.989990234375,365.989990234375,5863200,0,0,-0.0016639821576227565
2019-07-17,366.25,366.5,361.75,362.44000244140625,362.44000244140625,13639500,0,0,-0.009699685476904363
2019-07-18,323.760009765625,329.8500061035156,320.29998779296875,325.2099914550781,325.2099914550781,31305900,0,0,-0.10272047990162703
2019-07-19,323.3999938964844,325.8500061035156,314.2300109863281,315.1000061035156,315.1000061035156,16302500,0,0,-0.031087560706015482
2019-07-22,312.0,314.5400085449219,305.80999755859375,310.6199951171875,310.6199951171875,17718000,0,0,-0.014217743254680726
2019-07-23,311.44000244140625,313.5,306.0,307.29998779296875,307.29998779296875,9171100,0,0,-0.010688324565088614
2019-07-24,310.510009765625,319.989990234375,307.25,317.94000244140625,317.94000244140625,11961800,0,0,0.0346241948294701
2019-07-25,318.8599853515625,327.69000244140625,316.29998779296875,326.4599914550781,326.4599914550781,10798500,0,0,0.026797474203460903
2019-07-26,328.7900085449219,336.0,327.5,335.7799987792969,335.7799987792969,10847500,0,0,0.02854869683319583
2019-07-29,335.9800109863281,336.3999938964844,328.7699890136719,332.70001220703125,332.70001220703125,5782800,0,0,-0.009172632626906596
2019-07-30,329.20001220703125,329.6499938964844,323.2300109863281,325.92999267578125,325.92999267578125,6029300,0,0,-0.020348720417350585
2019-07-31,325.1600036621094,331.7699890136719,318.5299987792969,322.989990234375,322.989990234375,6259500,0,0,-0.009020349484469836
2019-08-01,324.25,328.5799865722656,318.739990234375,319.5,319.5,6563200,0,0,-0.010805258181043054
2019-08-02,317.489990234375,319.4100036621094,311.79998779296875,318.8299865722656,318.8299865722656,6280300,0,0,-0.0020970686314064624
2019-08-05,310.9599914550781,313.4200134277344,304.67999267578125,307.6300048828125,307.6300048828125,8692500,0,0,-0.035128382401742986
2019-08-06,310.5799865722656,311.8800048828125,305.29998779296875,310.1000061035156,310.1000061035156,6179100,0,0,0.008029129738641894
2019-08-07,302.55999755859375,305.0,296.80999755859375,304.2900085449219,304.2900085449219,9322400,0,0,-0.018735883406123754
2019-08-08,311.0299987792969,316.3599853515625,306.6300048828125,315.8999938964844,315.8999938964844,5905900,0,0,0.03815434298050091
2019-08-09,313.739990234375,316.6400146484375,305.67999267578125,308.92999267578125,308.92999267578125,5349100,0,0,-0.022063948576672265
2019-08-12,305.4599914550781,312.8900146484375,303.239990234375,310.8299865722656,310.8299865722656,6531700,0,0,0.006150240965688392
2019-08-13,309.7699890136719,316.42999267578125,308.1600036621094,312.2799987792969,312.2799987792969,5289400,0,0,0.0046649688565170155
2019-08-14,308.010009765625,308.4100036621094,298.010009765625,299.1099853515625,299.1099853515625,7355800,0,0,-0.04217373344183417
2019-08-15,299.5,300.6300048828125,288.0,295.760009765625,295.760009765625,9629200,0,0,-0.011199811942085636
2019-08-16,298.8599853515625,303.54998779296875,296.2699890136719,302.79998779296875,302.79998779296875,6905800,0,0,0.023803008503152867
2019-08-19,306.25,311.75,304.75,309.3800048828125,309.3800048828125,4942200,0,0,0.02173057250696675
2019-08-20,304.57000732421875,305.0,297.67999267578125,298.989990234375,298.989990234375,7349900,0,0,-0.0335833424411931
2019-08-21,301.6099853515625,302.8800048828125,296.20001220703125,297.80999755859375,297.80999755859375,5685400,0,0,-0.003946595920673701
2019-08-22,298.6499938964844,300.3299865722656,293.1499938964844,296.92999267578125,296.92999267578125,4974200,0,0,-0.00295492055346247
2019-08-23,295.0,299.010009765625,290.32000732421875,291.44000244140625,291.44000244140625,6324900,0,0,-0.018489173777637036
2019-08-26,295.239990234375,296.95001220703125,292.5,294.9800109863281,294.9800109863281,4695700,0,0,0.012146611704869192
2019-08-27,294.5400085449219,296.7699890136719,287.20001220703125,291.0299987792969,291.0299987792969,6309400,0,0,-0.013390779238984907
2019-08-28,289.4700012207031,292.82000732421875,287.75,291.7699890136719,291.7699890136719,3955700,0,0,0.002542659648417045
2019-08-29,295.0,299.92999267578125,294.989990234375,296.7799987792969,296.7799987792969,4388500,0,0,0.0171710935129461
2019-08-30,298.7799987792969,298.94000244140625,290.8500061035156,293.75,293.75,4446400,0,0,-0.01020957878482287
2019-09-03,290.82000732421875,293.8999938964844,288.05999755859375,289.2900085449219,289.2900085449219,3682800,0,0,-0.015182949634308551
2019-09-04,291.25,292.3800048828125,286.510009765625,291.5199890136719,291.5199890136719,4652500,0,0,0.007708460032776143
2019-09-05,285.32000732421875,293.9700012207031,282.7900085449219,293.25,293.25,8966800,0,0,0.005934450643269473
2019-09-06,293.3500061035156,293.3500061035156,287.0299987792969,290.1700134277344,290.1700134277344,5166600,0,0,-0.010502938012840968
2019-09-09,294.80999755859375,301.54998779296875,290.6000061035156,294.3399963378906,294.3399963378906,8232700,0,0,0.014370826471339582
2019-09-10,291.1600036621094,297.1700134277344,282.6600036621094,287.989990234375,287.989990234375,12320200,0,0,-0.02157371129483221
2019-09-11,285.70001220703125,292.6499938964844,284.6099853515625,288.2699890136719,288.2699890136719,7405900,0,0,0.0009722517753794069
2019-09-12,288.1000061035156,292.7300109863281,286.6000061035156,288.8599853515625,288.8599853515625,5010900,0,0,0.0020466797112987933
2019-09-13,290.6099853515625,296.6199951171875,290.0400085449219,294.1499938964844,294.1499938964844,6583100,0,0,0.01831340030874662
2019-09-16,294.2300109863281,297.42999267578125,289.7799987792969,294.2900085449219,294.2900085449219,5307400,0,0,0.00047599745484538936
2019-09-17,294.5,299.1499938964844,291.7900085449219,298.6000061035156,298.6000061035156,4777100,0,0,0.014645409064018011
2019-09-18,294.989990234375,296.04998779296875,287.45001220703125,291.55999755859375,291.55999755859375,7811100,0,0,-0.023576719360418608
2019-09-19,291.55999755859375,293.80999755859375,283.3999938964844,286.6000061035156,286.6000061035156,8461300,0,0,-0.01701190662851937
2019-09-20,280.260009765625,282.5,266.0,270.75,270.75,23832800,0,0,-0.05530357908572703
2019-09-23,268.3500061035156,273.3900146484375,261.8900146484375,265.9200134277344,265.9200134277344,13478600,0,0,-0.017839285585468656
2019-09-24,262.5,265.0,252.27999877929688,254.58999633789062,254.58999633789062,16338200,0,0,-0.042606861152715614
2019-09-25,255.7100067138672,266.6000061035156,253.6999969482422,264.75,264.75,11643800,0,0,0.03990731689482829
2019-09-26,266.4200134277344,268.04998779296875,260.20001220703125,263.30999755859375,263.30999755859375,7684000,0,0,-0.005439102705972587
2019-09-27,266.17999267578125,267.44000244140625,260.3900146484375,263.0799865722656,263.0799865722656,7328300,0,0,-0.0008735368518506537
2019-09-30,264.0,268.8800048828125,262.7799987792969,267.6199951171875,267.6199951171875,6727200,0,0,0.017257141465129244
2019-10-01,267.3500061035156,272.20001220703125,264.0299987792969,269.5799865722656,269.5799865722656,8650300,0,0,0.007323785557278306
2019-10-02,263.6099853515625,269.3500061035156,262.19000244140625,268.0299987792969,268.0299987792969,7659100,0,0,-0.005749639699433873
2019-10-03,267.7799987792969,268.8399963378906,257.010009765625,268.1499938964844,268.1499938964844,8951000,0,0,0.00044769286174672906
2019-10-04,268.20001220703125,275.4800109863281,266.4700012207031,272.7900085449219,272.7900085449219,9890400,0,0,0.017303802923928968
2019-10-07,271.989990234375,276.67999267578125,271.2799987792969,274.4599914550781,274.4599914550781,6525600,0,0,0.006121862450402915
2019-10-08,273.0299987792969,275.5299987792969,270.6400146484375,270.7200012207031,270.7200012207031,6276400,0,0,-0.013626722840538785
2019-10-09,270.0199890136719,271.0,264.57000732421875,267.5299987792969,267.5299987792969,6794400,0,0,-0.011783401400052518
2019-10-10,265.9700012207031,280.5299987792969,265.0299987792969,280.4800109863281,280.4800109863281,10809100,0,0,0.04840583211647442
2019-10-11,284.79998779296875,287.8699951171875,282.3399963378906,282.92999267578125,282.92999267578125,8786100,0,0,0.008734960045236662
2019-10-14,283.92999267578125,286.92999267578125,282.0,285.5299987792969,285.5299987792969,5513200,0,0,0.00918957399647291
2019-10-15,283.82000732421875,285.8699951171875,279.3999938964844,284.25,284.25,7685600,0,0,-0.004482887208941744
2019-10-16,283.1199951171875,288.1700134277344,280.739990234375,286.2799987792969,286.2799987792969,16175900,0,0,0.00714159640913592
2019-10-17,304.489990234375,308.75,288.29998779296875,293.3500061035156,293.3500061035156,38258900,0,0,0.02469612740801108
2019-10-18,289.3599853515625,290.8999938964844,273.3599853515625,275.29998779296875,275.29998779296875,23429900,0,0,-0.061530655991114847
2019-10-21,272.8900146484375,279.94000244140625,269.0,278.04998779296875,278.04998779296875,12599200,0,0,0.009989103239874009
2019-10-22,271.1600036621094,275.4100036621094,265.79998779296875,266.69000244140625,266.69000244140625,11802400,0,0,-0.04085591026898716
2019-10-23,268.05999755859375,273.9200134277344,266.6300048828125,271.2699890136719,271.2699890136719,7133500,0,0,0.017173446812172477
2019-10-24,271.80999755859375,274.0199890136719,268.79998779296875,271.5,271.5,4827400,0,0,0.0008479042859272923
2019-10-25,270.67999267578125,277.7699890136719,270.17999267578125,276.82000732421875,276.82000732421875,4747800,0,0,0.019594870439111345
2019-10-28,278.04998779296875,285.75,277.3500061035156,281.8599853515625,281.8599853515625,6248400,0,0,0.018206697110013437
2019-10-29,281.8699951171875,284.4100036621094,277.54998779296875,281.2099914550781,281.2099914550781,4356200,0,0,-0.002306087881448038
2019-10-30,284.3399963378906,293.489990234375,283.0,291.45001220703125,291.45001220703125,9345600,0,0,0.036414142680235795
2019-10-31,291.0,291.45001220703125,284.7799987792969,287.4100036621094,287.4100036621094,5090000,0,0,-0.013861754591562914
2019-11-01,288.70001220703125,289.1199951171875,283.0199890136719,286.80999755859375,286.80999755859375,5594300,0,0,-0.0020876312441129308
2019-11-04,288.0,295.3900146484375,287.1600036621094,292.8599853515625,292.8599853515625,5566200,0,0,0.021094061728907265
2019-11-05,289.989990234375,291.19000244140625,286.30999755859375,288.0299987792969,288.0299987792969,4062400,0,0,-0.016492476998752448
2019-11-06,288.19000244140625,290.55999755859375,285.8399963378906,288.5899963378906,288.5899963378906,3438300,0,0,0.0019442334512622672
2019-11-07,290.70001220703125,298.19000244140625,288.2699890136719,289.57000732421875,289.57000732421875,5928500,0,0,0.003395859173097149
2019-11-08,288.7300109863281,293.989990234375,287.510009765625,291.57000732421875,291.57000732421875,4509000,0,0,0.006906792656052652
2019-11-11,289.1600036621094,296.3599853515625,288.5,294.17999267578125,294.17999267578125,3944300,0,0,0.008951487759371046
2019-11-12,295.32000732421875,295.3500061035156,288.70001220703125,292.010009765625,292.010009765625,5772800,0,0,-0.007376378286023666
2019-11-13,291.0299987792969,293.4100036621094,281.1400146484375,283.1099853515625,283.1099853515625,9158900,0,0,-0.0304784908613438
2019-11-14,283.25,290.6300048828125,283.2200012207031,289.6199951171875,289.6199951171875,6529000,0,0,0.022994631424041678
2019-11-15,290.5899963378906,295.82000732421875,287.57000732421875,295.0299987792969,295.0299987792969,6333800,0,0,0.018679662154956977
2019-11-18,296.0,304.989990234375,293.2799987792969,302.57000732421875,302.57000732421875,8616600,0,0,0.025556752113748082
2019-11-19,304.010009765625,305.6700134277344,298.5199890136719,302.6000061035156,302.6000061035156,5918000,0,0,9.914657292764417e-05
2019-11-20,301.010009765625,308.25,301.0,305.1600036621094,305.1600036621094,5111800,0,0,0.008460004980032965
2019-11-21,306.0,312.69000244140625,304.260009765625,311.69000244140625,311.69000244140625,7488400,0,0,0.0213986063079461
2019-11-22,309.1000061035156,311.3999938964844,304.4100036621094,310.4800109863281,310.4800109863281,5970100,0,0,-0.003882034860279493
2019-11-25,308.8299865722656,315.7300109863281,305.25,315.54998779296875,315.54998779296875,7873900,0,0,0.016329478959158816
2019-11-26,315.0,316.5,311.69000244140625,312.489990234375,312.489990234375,5321000,0,0,-0.009697346464806134
2019-11-27,313.92999267578125,316.82000732421875,312.75,315.92999267578125,315.92999267578125,4096900,0,0,0.011008360424044739
2019-11-29,315.7799987792969,316.6199951171875,313.3399963378906,314.6600036621094,314.6600036621094,2411700,0,0,-0.004019843139664081
2019-12-02,314.3900146484375,314.3900146484375,303.75,309.989990234375,309.989990234375,6218800,0,0,-0.014841458632756988
2019-12-03,302.2200012207031,307.3599853515625,301.8800048828125,306.1600036621094,306.1600036621094,4992800,0,0,-0.01235519433827481
2019-12-04,308.42999267578125,308.42999267578125,303.2699890136719,304.32000732421875,304.32000732421875,3512100,0,0,-0.006009917415343735
2019-12-05,305.2699890136719,306.4800109863281,298.80999755859375,302.8599853515625,302.8599853515625,4615500,0,0,-0.004797653580169481
2019-12-06,304.70001220703125,307.8500061035156,302.6000061035156,307.3500061035156,307.3500061035156,4457800,0,0,0.014825401073506272
2019-12-09,307.3500061035156,311.489990234375,302.44000244140625,302.5,302.5,5748400,0,0,-0.015780074856683535
2019-12-10,296.1199951171875,298.94000244140625,292.0199890136719,293.1199951171875,293.1199951171875,10476100,0,0,-0.0310082806043388
2019-12-11,294.489990234375,299.42999267578125,294.20001220703125,298.92999267578125,298.92999267578125,5589800,0,0,0.019821225625604066
2019-12-12,295.6700134277344,299.1700134277344,295.05999755859375,298.44000244140625,298.44000244140625,4766600,0,0,-0.0016391471126366852
2019-12-13,298.5,301.79998779296875,297.25,298.5,298.5,3879700,0,0,0.0002010372540641736
2019-12-16,300.8500061035156,305.7099914550781,298.6300048828125,304.2099914550781,304.2099914550781,4658900,0,0,0.01912894959825162
2019-12-17,307.3599853515625,316.79998779296875,306.6000061035156,315.4800109863281,315.4800109863281,10427100,0,0,0.03704684214132459
2019-12-18,316.260009765625,325.3599853515625,315.6000061035156,320.79998779296875,320.79998779296875,11207400,0,0,0.016863118490480833
2019-12-19,324.5,332.8299865722656,324.17999267578125,332.2200012207031,332.2200012207031,9822300,0,0,0.035598546952266164
2019-12-20,335.0,338.0,330.6000061035156,336.8999938964844,336.8999938964844,9914900,0,0,0.014087028651451394
2019-12-23,337.760009765625,337.95001220703125,331.0199890136719,333.1000061035156,333.1000061035156,5765300,0,0,-0.011279275339305395
2019-12-24,334.010009765625,335.70001220703125,331.6000061035156,333.20001220703125,333.20001220703125,2019300,0,0,0.0003002284649749054
2019-12-26,334.6000061035156,336.4599914550781,332.010009765625,332.6300048828125,332.6300048828125,3589900,0,0,-0.0017107061924853673
2019-12-27,332.9599914550781,333.82000732421875,326.010009765625,329.0899963378906,329.0899963378906,5036100,0,0,-0.010642481114020441
2019-12-30,329.0799865722656,329.19000244140625,322.8599853515625,323.30999755859375,323.30999755859375,4311500,0,0,-0.01756358091590937
2019-12-31,322.0,324.9200134277344,321.0899963378906,323.57000732421875,323.57000732421875,3713300,0,0,0.00080421195629099
2020-01-02,326.1000061035156,329.9800109863281,324.7799987792969,329.80999755859375,329.80999755859375,4485800,0,0,0.01928482273736365
2020-01-03,326.7799987792969,329.8599853515625,325.5299987792969,325.8999938964844,325.8999938964844,3806900,0,0,-0.01185532182484772
2020-01-06,323.1199951171875,336.3599853515625,321.20001220703125,335.8299865722656,335.8299865722656,5663100,0,0,0.030469447259134697
2020-01-07,336.4700012207031,336.70001220703125,330.29998779296875,330.75,330.75,4703200,0,0,-0.015126661630534555
2020-01-08,331.489990234375,342.70001220703125,331.04998779296875,339.260009765625,339.260009765625,7104500,0,0,0.025729432397959107
2020-01-09,342.0,343.4200134277344,334.6099853515625,335.6600036621094,335.6600036621094,4709300,0,0,-0.01061134822817067
2020-01-10,337.1300048828125,338.5,327.2699890136719,329.04998779296875,329.04998779296875,4718300,0,0,-0.01969259309129534
2020-01-13,331.79998779296875,340.8500061035156,331.510009765625,338.9200134277344,338.9200134277344,6290000,0,0,0.029995520440425194
2020-01-14,344.3999938964844,345.3800048828125,335.5199890136719,338.69000244140625,338.69000244140625,7199400,0,0,-0.0006786586132870864
2020-01-15,338.67999267578125,343.1700134277344,336.6000061035156,339.07000732421875,339.07000732421875,5158000,0,0,0.00112198435168831
2020-01-16,343.5,343.55999755859375,335.8500061035156,338.6199951171875,338.6199951171875,5016000,0,0,-0.0013271955564060356
2020-01-17,341.0,341.57000732421875,337.3800048828125,339.6700134277344,339.6700134277344,6066500,0,0,0.0031008750980092703
2020-01-21,340.0,341.0,332.5899963378906,338.1099853515625,338.1099853515625,14350300,0,0,-0.004592775383464254
2020-01-22,332.54998779296875,336.29998779296875,323.6000061035156,326.0,326.0,21730000,0,0,-0.03581670425666572
2020-01-23,326.0400085449219,349.8800048828125,325.010009765625,349.6000061035156,349.6000061035156,18200300,0,0,0.07239265675925033
2020-01-24,348.4599914550781,359.8500061035156,345.8800048828125,353.1600036621094,353.1600036621094,17939700,0,0,0.0101830592003469
2020-01-27,345.95001220703125,351.8999938964844,341.0199890136719,342.8800048828125,342.8800048828125,7709500,0,0,-0.029108615564327645
2020-01-28,345.8800048828125,352.3999938964844,342.7799987792969,348.5199890136719,348.5199890136719,6821600,0,0,0.016448856890290076
2020-01-29,349.0,349.3999938964844,338.54998779296875,343.1600036621094,343.1600036621094,7643500,0,0,-0.015379276714461931
2020-01-30,341.1000061035156,348.20001220703125,339.25,347.739990234375,347.739990234375,5328100,0,0,0.013346504614142773
2020-01-31,347.3900146484375,347.3900146484375,340.9800109863281,345.0899963378906,345.0899963378906,5230000,0,0,-0.007620618769495824
2020-02-03,347.239990234375,359.6300048828125,346.2799987792969,358.0,358.0,6674900,0,0,0.037410541595267466
2020-02-04,361.0,369.57000732421875,356.1000061035156,369.010009765625,369.010009765625,7161500,0,0,0.030754217222416225
2020-02-05,375.1300048828125,375.25,362.29998779296875,369.6700134277344,369.6700134277344,6437000,0,0,0.001788579292276049
2020-02-06,369.6000061035156,371.54998779296875,362.510009765625,366.95001220703125,366.95001220703125,3920400,0,0,-0.007357916849901169
2020-02-07,365.0400085449219,371.79998779296875,363.57000732421875,366.7699890136719,366.7699890136719,4385200,0,0,-0.0004905932344206887
2020-02-10,365.0,374.79998779296875,362.5199890136719,371.07000732421875,371.07000732421875,5294100,0,0,0.011724018974700101
2020-02-11,373.75,378.1099853515625,369.7200012207031,373.69000244140625,373.69000244140625,4772900,0,0,0.007060649110609107
2020-02-12,377.17999267578125,380.6199951171875,375.8800048828125,380.010009765625,380.010009765625,4624800,0,0,0.016912433522247472
2020-02-13,376.9599914550781,385.3699951171875,376.510009765625,381.3999938964844,381.3999938964844,4485400,0,0,0.0036577566251916327
2020-02-14,381.4700012207031,385.1499938964844,379.42999267578125,380.3999938964844,380.3999938964844,3736300,0,0,-0.002621919286845631
2020-02-18,379.29998779296875,389.5400085449219,379.19000244140625,387.7799987792969,387.7799987792969,5173900,0,0,0.01940064406210462
2020-02-19,388.1199951171875,392.95001220703125,384.8999938964844,386.19000244140625,386.19000244140625,4896400,0,0,-0.00410025360486832
2020-02-20,386.55999755859375,389.70001220703125,376.67999267578125,386.0,386.0,4079400,0,0,-0.0004919921287581674
2020-02-21,385.3299865722656,387.32000732421875,377.8999938964844,380.07000732421875,380.07000732421875,3930100,0,0,-0.01536267532585811
2020-02-24,364.760009765625,372.82000732421875,361.0,368.70001220703125,368.70001220703125,6936400,0,0,-0.02991552845023182
2020-02-25,372.0,375.6499938964844,357.7200012207031,360.0899963378906,360.0899963378906,6481200,0,0,-0.023352361226139484
2020-02-26,366.30999755859375,382.0,365.0,379.239990234375,379.239990234375,8934100,0,0,0.05318113274803382
2020-02-27,371.4599914550781,391.55999755859375,370.6000061035156,371.7099914550781,371.7099914550781,10967700,0,0,-0.019855497767108488
2020-02-28,364.2099914550781,376.7699890136719,356.79998779296875,369.0299987792969,369.0299987792969,11178600,0,0,-0.007209902174784899
2020-03-02,373.1099853515625,381.3599853515625,364.5,381.04998779296875,381.04998779296875,6997900,0,0,0.032571847962042266
2020-03-03,381.0299987792969,393.5199890136719,367.3999938964844,368.7699890136719,368.7699890136719,8364600,0,0,-0.03222673972625556
2020-03-04,377.7699890136719,384.010009765625,370.510009765625,383.7900085449219,383.7900085449219,5487300,0,0,0.040730048482044756
2020-03-05,381.0,391.3999938964844,368.6400146484375,372.7799987792969,372.7799987792969,8747000,0,0,-0.02868758831780871
2020-03-06,367.70001220703125,371.30999755859375,356.8500061035156,368.9700012207031,368.9700012207031,8147200,0,0,-0.010220498876200246
2020-03-09,343.8599853515625,357.4700012207031,341.7200012207031,346.489990234375,346.489990234375,7405500,0,0,-0.06092639215100171
2020-03-10,356.42999267578125,364.5400085449219,347.8500061035156,364.1300048828125,364.1300048828125,7604400,0,0,0.05091060390086688
2020-03-11,358.9200134277344,362.9800109863281,344.7900085449219,349.9200134277344,349.9200134277344,6036000,0,0,-0.039024500218407754
2020-03-12,326.5,335.7200012207031,307.32000732421875,315.25,315.25,12071600,0,0,-0.09907982423787387
2020-03-13,330.510009765625,336.4200134277344,307.3900146484375,336.29998779296875,336.29998779296875,9458200,0,0,0.06677236413312837
2020-03-16,306.6300048828125,334.3500061035156,294.75,298.8399963378906,298.8399963378906,10559900,0,0,-0.11138861972882097
2020-03-17,306.19000244140625,322.8999938964844,290.25,319.75,319.75,10013900,0,0,0.06997056591603945
2020-03-18,302.3999938964844,331.5799865722656,300.0,315.4700012207031,315.4700012207031,12593600,0,0,-0.013385453570905037
2020-03-19,324.3299865722656,348.510009765625,316.82000732421875,332.0299987792969,332.0299987792969,10616000,0,0,0.05249309758301979
2020-03-20,342.30999755859375,350.489990234375,332.0,332.8299865722656,332.8299865722656,10853800,0,0,0.0024093840794805477
2020-03-23,347.8900146484375,366.1099853515625,340.8800048828125,360.2699890136719,360.2699890136719,13449400,0,0,0.08244450184313057
2020-03-24,369.989990234375,372.92999267578125,353.0299987792969,357.32000732421875,357.32000732421875,11638700,0,0,-0.00818825264221823
2020-03-25,361.0199890136719,362.0,339.1700134277344,342.3900146484375,342.3900146484375,8767200,0,0,-0.04178325414125028
2020-03-26,344.0,363.8399963378906,341.7300109863281,362.989990234375,362.989990234375,7229600,0,0,0.060165234687376445
2020-03-27,359.0899963378906,368.55999755859375,353.0,357.1199951171875,357.1199951171875,7948800,0,0,-0.0161712313703124
2020-03-30,363.0,377.79998779296875,361.1700134277344,370.9599914550781,370.9599914550781,8622000,0,0,0.03875447056205594
2020-03-31,367.92999267578125,383.010009765625,366.44000244140625,375.5,375.5,9366500,0,0,0.012238539598606879
2020-04-01,376.04998779296875,380.2300109863281,361.0199890136719,364.0799865722656,364.0799865722656,6672500,0,0,-0.03041281871567081
2020-04-02,364.0799865722656,370.989990234375,360.05999755859375,370.0799865722656,370.0799865722656,4592500,0,0,0.01647989513647463
2020-04-03,367.4700012207031,370.8999938964844,357.510009765625,361.760009765625,361.760009765625,4860800,0,0,-0.02248156373896748
2020-04-06,365.2200012207031,380.2900085449219,361.7099914550781,379.9599914550781,379.9599914550781,8183900,0,0,0.050309545549947376
2020-04-07,380.0,381.3299865722656,369.3399963378906,372.2799987792969,372.2799987792969,7046400,0,0,-0.020212635141848234
2020-04-08,374.010009765625,378.3900146484375,368.30999755859375,371.1199951171875,371.1199951171875,6908900,0,0,-0.003115944090235856
2020-04-09,371.05999755859375,372.1000061035156,363.0299987792969,370.7200012207031,370.7200012207031,7711300,0,0,-0.0010778020633409602
2020-04-13,371.30999755859375,400.510009765625,367.70001220703125,396.7200012207031,396.7200012207031,11692900,0,0,0.07013379346781257
2020-04-14,397.5,417.82000732421875,394.8500061035156,413.54998779296875,413.54998779296875,11581000,0,0,0.04242283353619669
2020-04-15,413.0,434.9800109863281,412.25,426.75,426.75,13561200,0,0,0.03191878272679194
2020-04-16,437.0,449.5199890136719,431.6099853515625,439.1700134277344,439.1700134277344,16128700,0,0,0.02910372215051993
2020-04-17,431.0,432.0,414.70001220703125,422.9599914550781,422.9599914550781,12616300,0,0,-0.036910584687093184
2020-04-20,435.1700134277344,444.489990234375,430.55999755859375,437.489990234375,437.489990234375,12655800,0,0,0.03435312812758107
2020-04-21,444.7699890136719,447.0,425.6000061035156,433.8299865722656,433.8299865722656,23177600,0,0,-0.008365914063882096
2020-04-22,429.7300109863281,433.0,413.0,421.4200134277344,421.4200134277344,21123800,0,0,-0.028605614016181113
2020-04-23,419.260009765625,438.4100036621094,419.260009765625,426.70001220703125,426.70001220703125,13952300,0,0,0.01252906509197449
2020-04-24,425.0,427.1700134277344,415.8800048828125,424.989990234375,424.989990234375,8670400,0,0,-0.004007550793850401
2020-04-27,425.0,429.0,420.8399963378906,421.3800048828125,421.3800048828125,6277500,0,0,-0.008494283240816247
2020-04-28,419.989990234375,421.0,402.9100036621094,403.8299865722656,403.8299865722656,10101200,0,0,-0.041648910976275655
2020-04-29,399.5299987792969,415.8599853515625,393.6000061035156,411.8900146484375,411.8900146484375,9693100,0,0,0.01995896378222395
2020-04-30,410.30999755859375,424.44000244140625,408.0,419.8500061035156,419.8500061035156,7954000,0,0,0.019325526650293412
2020-05-01,415.1000061035156,427.9700012207031,411.7300109863281,415.2699890136719,415.2699890136719,8299900,0,0,-0.010908698400053152
2020-05-04,417.7799987792969,428.5400085449219,414.8699951171875,428.1499938964844,428.1499938964844,7799100,0,0,0.031015978095128904
2020-05-05,427.55999755859375,431.0,421.55999755859375,424.67999267578125,424.67999267578125,6286300,0,0,-0.008104639192268892
2020-05-06,429.29998779296875,439.7699890136719,426.3900146484375,434.260009765625,434.260009765625,6660700,0,0,0.02255820206994663
2020-05-07,436.8900146484375,438.8800048828125,430.6600036621094,436.5299987792969,436.5299987792969,5641900,0,0,0.00522725777788513
2020-05-08,434.1400146484375,442.0,433.6400146484375,435.54998779296875,435.54998779296875,5054300,0,0,-0.002245002609370772
2020-05-11,436.3299865722656,444.8900146484375,435.55999755859375,440.5199890136719,440.5199890136719,5486000,0,0,0.011410862954875256
2020-05-12,442.0,444.1700134277344,431.3599853515625,431.82000732421875,431.82000732421875,4586900,0,0,-0.019749346014768743
2020-05-13,435.69000244140625,447.0,427.2699890136719,438.2699890136719,438.2699890136719,7014600,0,0,0.014936736557021879
2020-05-14,444.8999938964844,452.3800048828125,432.82000732421875,441.95001220703125,441.95001220703125,9007500,0,0,0.008396703597344901
2020-05-15,440.70001220703125,455.0,437.510009765625,454.19000244140625,454.19000244140625,7244000,0,0,0.027695417799063593
2020-05-18,451.1600036621094,456.3599853515625,443.3500061035156,452.5799865722656,452.5799865722656,7780300,0,0,-0.003544806932090805
2020-05-19,453.3999938964844,458.9700012207031,450.4700012207031,451.0400085449219,451.0400085449219,4810500,0,0,-0.003402664883631279
2020-05-20,454.25,455.80999755859375,444.0,447.6700134277344,447.6700134277344,5607300,0,0,-0.007471610175024734
2020-05-21,448.55999755859375,448.9599914550781,430.25,436.25,436.25,9117300,0,0,-0.025509891404816742
2020-05-22,437.0,439.0899963378906,427.17999267578125,429.32000732421875,429.32000732421875,5422300,0,0,-0.0158853700304441
2020-05-26,427.7699890136719,428.5,413.1400146484375,414.7699890136719,414.7699890136719,7881100,0,0,-0.03389084613417237
2020-05-27,410.3800048828125,420.0199890136719,397.8599853515625,419.8900146484375,419.8900146484375,10446300,0,0,0.012344252888067286
2020-05-28,417.239990234375,422.3699951171875,411.5,413.44000244140625,413.44000244140625,5655100,0,0,-0.015361194555749691
2020-05-29,417.4599914550781,420.29998779296875,411.8500061035156,419.7300109863281,419.7300109863281,5270500,0,0,0.015213836367498734
2020-06-01,418.8299865722656,426.7200012207031,415.9800109863281,425.9200134277344,425.9200134277344,3743700,0,0,0.014747581253149677
2020-06-02,425.8699951171875,427.5899963378906,419.4599914550781,427.30999755859375,427.30999755859375,3494800,0,0,0.0032634863050293728
2020-06-03,426.95001220703125,427.1000061035156,418.04998779296875,421.9700012207031,421.9700012207031,4316000,0,0,-0.01249677369684854
2020-06-04,422.3900146484375,428.7099914550781,410.0299987792969,414.3299865722656,414.3299865722656,5410500,0,0,-0.01810558718945887
2020-06-05,407.2900085449219,420.239990234375,404.25,419.6000061035156,419.6000061035156,5099600,0,0,0.012719377554225808
2020-06-08,416.0,420.79998779296875,406.5,419.489990234375,419.489990234375,5851500,0,0,-0.00026219224866619317
2020-06-09,421.6499938964844,434.7300109863281,420.30999755859375,434.04998779296875,434.04998779296875,6797000,0,0,0.03470880807062615
2020-06-10,436.0,439.69000244140625,430.54998779296875,434.4800109863281,434.4800109863281,4896900,0,0,0.0009907227403598284
2020-06-11,428.20001220703125,445.57000732421875,424.1600036621094,425.55999755859375,425.55999755859375,7462900,0,0,-0.02053031946736683
2020-06-12,429.0,434.05999755859375,412.45001220703125,418.07000732421875,418.07000732421875,6457400,0,0,-0.01760031553093455
2020-06-15,421.3999938964844,426.489990234375,415.4200134277344,425.5,425.5,4467900,0,0,0.017772125590485688
2020-06-16,425.760009765625,437.9599914550781,425.17999267578125,436.1300048828125,436.1300048828125,5507900,0,0,0.024982385153495823
2020-06-17,441.82000732421875,450.4599914550781,439.2200012207031,447.7699890136719,447.7699890136719,6522400,0,0,0.026689253205559815
2020-06-18,448.7300109863281,452.760009765625,442.79998779296875,449.8699951171875,449.8699951171875,4277600,0,0,0.004689921511134454
2020-06-19,449.1199951171875,453.9700012207031,445.6000061035156,453.7200012207031,453.7200012207031,5934500,0,0,0.008558041534894478
2020-06-22,455.010009765625,468.5899963378906,454.2099914550781,468.0400085449219,468.0400085449219,6272100,0,0,0.031561331406355864
2020-06-23,466.5,474.010009765625,464.5,466.260009765625,466.260009765625,5948400,0,0,-0.0038030910751212232
2020-06-24,468.5400085449219,472.3599853515625,454.0,457.8500061035156,457.8500061035156,4826200,0,0,-0.018037154132812816
2020-06-25,458.8599853515625,467.010009765625,454.0,465.9100036621094,465.9100036621094,4134500,0,0,0.017604013216440784
2020-06-26,466.3900146484375,468.0299987792969,442.239990234375,443.3999938964844,443.3999938964844,6804700,0,0,-0.04831407265071275
2020-06-29,445.2300109863281,447.6700134277344,432.1400146484375,447.239990234375,447.239990234375,4844000,0,0,0.008660343686849759
2020-06-30,450.0199890136719,457.5899963378906,447.0,455.0400085449219,455.0400085449219,4198500,0,0,0.017440341831818973
2020-07-01,454.0,488.2300109863281,454.0,485.6400146484375,485.6400146484375,9705900,0,0,0.06724684759339095
2020-07-02,485.6400146484375,492.2799987792969,475.5299987792969,476.8900146484375,476.8900146484375,6351500,0,0,-0.01801746095064727
2020-07-06,480.7699890136719,499.5,479.79998779296875,493.80999755859375,493.80999755859375,7839000,0,0,0.03547984313034869
2020-07-07,497.30999755859375,504.82000732421875,490.8299865722656,493.1600036621094,493.1600036621094,5669900,0,0,-0.0013162833877360391
2020-07-08,498.5799865722656,505.1000061035156,493.80999755859375,502.7799987792969,502.7799987792969,5691700,0,0,0.019506843713503308
2020-07-09,508.3999938964844,510.0,495.7799987792969,507.760009765625,507.760009765625,5840500,0,0,0.009904950472212848
2020-07-10,519.72998046875,555.8800048828125,511.2799987792969,548.72998046875,548.72998046875,21605600,0,0,0.08068766723483445
2020-07-13,567.97998046875,575.3699951171875,520.9600219726562,525.5,525.5,18399000,0,0,-0.04233408287425067
2020-07-14,517.0800170898438,525.5,490.489990234375,524.8800048828125,524.8800048828125,15083300,0,0,-0.0011798194427925512
2020-07-15,516.2999877929688,529.0,510.17999267578125,523.260009765625,523.260009765625,10066700,0,0,-0.0030864104216528077
2020-07-16,526.47998046875,535.5399780273438,504.3599853515625,527.3900146484375,527.3900146484375,24499000,0,0,0.007892834930501191
2020-07-17,494.8699951171875,503.5899963378906,484.1400146484375,492.989990234375,492.989990234375,24991400,0,0,-0.06522691643487755
2020-07-20,489.1400146484375,504.5,484.20001220703125,502.4100036621094,502.4100036621094,11940300,0,0,0.01910792027086794
2020-07-21,506.0,506.2200012207031,488.6099853515625,490.1000061035156,490.1000061035156,9127200,0,0,-0.024501895799974416
2020-07-22,492.19000244140625,497.20001220703125,487.20001220703125,489.82000732421875,489.82000732421875,6954100,0,0,-0.0005713094793100559
2020-07-23,491.1300048828125,491.8999938964844,472.0199890136719,477.5799865722656,477.5799865722656,7722000,0,0,-0.024988813378240105
2020-07-24,468.7699890136719,487.1700134277344,467.5400085449219,480.45001220703125,480.45001220703125,7746200,0,0,0.006009518228275557
2020-07-27,484.510009765625,496.9200134277344,482.30999755859375,495.6499938964844,495.6499938964844,7863100,0,0,0.031636968057570325
2020-07-28,496.0199890136719,497.7900085449219,487.760009765625,488.510009765625,488.510009765625,5986700,0,0,-0.014405294499712173
2020-07-29,492.25,494.9200134277344,484.1300048828125,484.4800109863281,484.4800109863281,6611800,0,0,-0.008249572575248498
2020-07-30,480.7099914550781,488.3500061035156,477.510009765625,485.79998779296875,485.79998779296875,6608600,0,0,0.0027245227392422855
2020-07-31,488.2900085449219,494.79998779296875,484.5,488.8800048828125,488.8800048828125,5924300,0,0,0.006340092974963962
